Updated on Sun Nov 30 01:50:36 UTC 2025
Updated on Sun Nov 30 14:35:56 UTC 2025
Updated on Sun Dec  7 01:51:11 UTC 2025
Updated on Sun Dec 14 01:51:49 UTC 2025
Updated on Sun Dec 21 01:51:38 UTC 2025
Updated on Sun Dec 28 01:56:54 UTC 2025
Updated on Wed Dec 31 16:07:43 UTC 2025
Updated on Sun Jan  4 01:15:44 UTC 2026
Updated on Sun Jan  4 10:53:47 UTC 2026
Updated on Sun Jan 11 01:15:15 UTC 2026
Updated on Sun Jan 18 01:14:21 UTC 2026
Updated on Mon Jan 19 19:21:06 UTC 2026
Updated on Wed Jan 21 22:07:43 UTC 2026
Updated on Sun Jan 25 01:16:05 UTC 2026
